clockticks,wolves,moose,squirrels,wolf_births,wolf_starved,wolf_old_age,moose_eaten,moose_births,moose_starved,moose_old_age,squirrels_born,squirrels_eaten,squirrels_starved,squirrels_old_age,vegetation_fraction
0.0,1000.0,3000.0,10000.0,0.0,0.0,0.0,0.0,0.0,0.0,0.0,0.0,0.0,0.0,0.0,83.16
1.0,1063.0,2789.0,10757.0,63.0,0.0,0.0,409.0,198.0,0.0,0.0,1053.0,0.0,0.0,296.0,71.68
2.0,1070.0,2679.0,10473.0,18.0,0.0,11.0,150.0,48.0,0.0,8.0,409.0,0.0,374.0,319.0,71.95
3.0,1093.0,2576.0,10154.0,29.0,0.0,6.0,138.0,44.0,0.0,9.0,391.0,0.0,385.0,325.0,72.16
4.0,1127.0,2493.0,9822.0,39.0,0.0,5.0,118.0,42.0,0.0,7.0,352.0,0.0,350.0,334.0,72.33
5.0,1148.0,2441.0,9565.0,26.0,0.0,5.0,94.0,49.0,0.0,7.0,352.0,1.0,323.0,285.0,72.68
6.0,1165.0,2399.0,9334.0,22.0,0.0,5.0,73.0,40.0,0.0,9.0,325.0,1.0,302.0,253.0,72.81
7.0,1174.0,2366.0,9124.0,13.0,0.0,4.0,75.0,49.0,0.0,7.0,309.0,4.0,316.0,199.0,73.1
8.0,1184.0,2341.0,9064.0,16.0,0.0,6.0,60.0,45.0,0.0,10.0,403.0,5.0,295.0,163.0,73.57
9.0,1183.0,2315.0,9024.0,9.0,0.0,10.0,49.0,36.0,0.0,13.0,430.0,8.0,299.0,163.0,74.06
10.0,1192.0,2305.0,8947.0,12.0,0.0,3.0,39.0,35.0,0.0,6.0,403.0,9.0,301.0,170.0,74.41
11.0,1194.0,2295.0,8898.0,9.0,0.0,7.0,30.0,27.0,0.0,7.0,377.0,13.0,277.0,136.0,75.01
12.0,1196.0,2302.0,8798.0,8.0,0.0,6.0,26.0,45.0,0.0,12.0,338.0,16.0,275.0,147.0,75.52
13.0,1195.0,2319.0,8778.0,2.0,0.0,3.0,15.0,36.0,0.0,4.0,367.0,13.0,263.0,111.0,76.02
14.0,1187.0,2333.0,8744.0,3.0,0.0,11.0,20.0,36.0,0.0,2.0,331.0,17.0,255.0,93.0,76.74
15.0,1185.0,2345.0,8677.0,2.0,0.0,4.0,18.0,35.0,0.0,5.0,323.0,16.0,266.0,108.0,78.36
16.0,1186.0,2364.0,8637.0,4.0,0.0,3.0,15.0,40.0,0.0,6.0,327.0,12.0,271.0,84.0,78.71
17.0,1181.0,2397.0,8598.0,2.0,0.0,7.0,6.0,44.0,0.0,5.0,321.0,19.0,260.0,81.0,79.0
18.0,1176.0,2408.0,8593.0,0.0,0.0,5.0,17.0,37.0,0.0,9.0,364.0,26.0,241.0,102.0,79.07
19.0,1177.0,2438.0,8547.0,5.0,0.0,4.0,8.0,40.0,0.0,2.0,317.0,24.0,239.0,100.0,79.23
20.0,1153.0,2486.0,8584.0,5.0,25.0,4.0,6.0,60.0,0.0,6.0,368.0,22.0,227.0,82.0,79.59
21.0,1121.0,2562.0,8529.0,5.0,35.0,2.0,5.0,90.0,0.0,9.0,321.0,31.0,269.0,76.0,79.58
22.0,1053.0,2651.0,8470.0,6.0,66.0,8.0,5.0,99.0,0.0,5.0,318.0,24.0,278.0,75.0,79.62
23.0,992.0,2709.0,8355.0,8.0,62.0,7.0,1.0,68.0,0.0,9.0,285.0,37.0,291.0,72.0,79.7
24.0,913.0,2758.0,8281.0,3.0,75.0,7.0,3.0,58.0,0.0,6.0,286.0,24.0,268.0,68.0,79.66
25.0,824.0,2795.0,8256.0,2.0,89.0,2.0,0.0,43.0,0.0,6.0,348.0,21.0,301.0,51.0,79.64
26.0,741.0,2869.0,8222.0,1.0,82.0,2.0,0.0,82.0,0.0,8.0,345.0,26.0,315.0,38.0,79.68
27.0,669.0,2911.0,8093.0,2.0,72.0,2.0,2.0,48.0,0.0,4.0,297.0,33.0,335.0,58.0,79.57
28.0,590.0,2966.0,7986.0,1.0,76.0,4.0,1.0,58.0,0.0,2.0,280.0,25.0,321.0,41.0,79.49
29.0,520.0,3019.0,7913.0,5.0,73.0,2.0,0.0,59.0,0.0,6.0,301.0,30.0,317.0,27.0,79.41
30.0,469.0,3054.0,7867.0,1.0,52.0,0.0,0.0,43.0,0.0,8.0,331.0,38.0,308.0,31.0,79.4
31.0,411.0,3099.0,7815.0,0.0,56.0,2.0,2.0,54.0,0.0,7.0,275.0,34.0,271.0,22.0,79.33
32.0,357.0,3133.0,7766.0,0.0,54.0,0.0,2.0,46.0,0.0,10.0,303.0,34.0,295.0,23.0,79.41
33.0,310.0,3177.0,7720.0,1.0,47.0,1.0,0.0,49.0,0.0,5.0,301.0,18.0,304.0,25.0,79.32
34.0,273.0,3218.0,7634.0,1.0,36.0,2.0,0.0,47.0,0.0,6.0,264.0,32.0,300.0,18.0,79.24
35.0,247.0,3260.0,7571.0,0.0,26.0,0.0,0.0,52.0,0.0,10.0,291.0,27.0,310.0,17.0,79.2
36.0,223.0,3302.0,7527.0,0.0,24.0,0.0,0.0,50.0,0.0,8.0,276.0,35.0,264.0,21.0,79.13
37.0,201.0,3355.0,7513.0,0.0,22.0,0.0,0.0,58.0,0.0,5.0,306.0,36.0,268.0,16.0,78.94
38.0,170.0,3404.0,7494.0,0.0,30.0,1.0,0.0,62.0,0.0,13.0,301.0,24.0,285.0,11.0,78.97
39.0,155.0,3478.0,7428.0,0.0,15.0,0.0,0.0,84.0,0.0,10.0,249.0,40.0,262.0,13.0,78.87
40.0,131.0,3532.0,7402.0,0.0,23.0,1.0,0.0,59.0,0.0,5.0,261.0,27.0,253.0,7.0,78.66
41.0,116.0,3664.0,7389.0,1.0,16.0,0.0,0.0,137.0,0.0,5.0,306.0,23.0,293.0,3.0,78.58
42.0,92.0,3735.0,7359.0,0.0,24.0,0.0,0.0,79.0,0.0,8.0,279.0,24.0,277.0,8.0,78.49
43.0,74.0,3853.0,7317.0,0.0,18.0,0.0,0.0,126.0,0.0,8.0,244.0,25.0,257.0,4.0,78.27
44.0,63.0,3918.0,7313.0,0.0,11.0,0.0,0.0,76.0,0.0,11.0,310.0,36.0,276.0,2.0,78.09
45.0,56.0,4019.0,7292.0,0.0,6.0,1.0,0.0,107.0,0.0,6.0,281.0,32.0,266.0,4.0,77.93
46.0,46.0,4102.0,7270.0,0.0,10.0,0.0,0.0,90.0,0.0,7.0,263.0,29.0,250.0,6.0,77.69
47.0,43.0,4177.0,7245.0,0.0,3.0,0.0,0.0,83.0,0.0,8.0,281.0,29.0,270.0,7.0,77.5
48.0,39.0,4236.0,7206.0,0.0,4.0,0.0,0.0,68.0,0.0,9.0,260.0,28.0,264.0,7.0,77.24
49.0,33.0,4317.0,7183.0,0.0,6.0,0.0,0.0,91.0,0.0,10.0,273.0,18.0,276.0,2.0,76.98
50.0,27.0,4388.0,7194.0,0.0,6.0,0.0,0.0,80.0,0.0,9.0,306.0,25.0,263.0,7.0,76.64
51.0,23.0,4437.0,7171.0,0.0,4.0,0.0,0.0,59.0,0.0,10.0,256.0,31.0,246.0,2.0,76.4
52.0,19.0,4496.0,7186.0,0.0,4.0,0.0,0.0,68.0,0.0,9.0,287.0,25.0,246.0,1.0,76.24
53.0,15.0,4559.0,7160.0,0.0,4.0,0.0,0.0,68.0,0.0,5.0,265.0,21.0,266.0,4.0,76.08
54.0,13.0,4625.0,7151.0,0.0,2.0,0.0,0.0,69.0,0.0,3.0,275.0,28.0,256.0,0.0,75.8
55.0,12.0,4684.0,7137.0,0.0,1.0,0.0,0.0,68.0,1.0,8.0,292.0,33.0,271.0,2.0,75.56
56.0,11.0,4747.0,7101.0,0.0,1.0,0.0,0.0,73.0,0.0,10.0,268.0,30.0,272.0,2.0,75.27
57.0,10.0,4821.0,7091.0,0.0,1.0,0.0,0.0,80.0,0.0,6.0,259.0,26.0,243.0,0.0,74.87
58.0,9.0,4927.0,7087.0,0.0,1.0,0.0,0.0,112.0,0.0,6.0,282.0,29.0,253.0,4.0,74.59
59.0,7.0,5018.0,7060.0,0.0,2.0,0.0,0.0,96.0,0.0,5.0,277.0,26.0,278.0,0.0,74.23
60.0,6.0,5116.0,7051.0,0.0,0.0,1.0,0.0,107.0,0.0,9.0,274.0,39.0,243.0,1.0,73.91
61.0,5.0,5268.0,7019.0,0.0,1.0,0.0,0.0,158.0,0.0,6.0,257.0,42.0,247.0,0.0,73.59
62.0,4.0,5386.0,6981.0,0.0,1.0,0.0,0.0,127.0,0.0,9.0,247.0,39.0,246.0,0.0,73.34
63.0,3.0,5485.0,6944.0,0.0,1.0,0.0,0.0,106.0,1.0,6.0,240.0,21.0,255.0,1.0,72.89
64.0,3.0,5652.0,6932.0,0.0,0.0,0.0,0.0,181.0,1.0,13.0,272.0,27.0,257.0,0.0,72.45
65.0,3.0,5756.0,6909.0,0.0,0.0,0.0,0.0,113.0,1.0,8.0,254.0,41.0,236.0,0.0,72.05
66.0,3.0,5886.0,6879.0,0.0,0.0,0.0,0.0,136.0,0.0,6.0,264.0,30.0,264.0,0.0,71.66
67.0,2.0,6003.0,6861.0,0.0,1.0,0.0,0.0,128.0,0.0,11.0,267.0,37.0,248.0,0.0,71.18
68.0,2.0,6118.0,6850.0,0.0,0.0,0.0,0.0,125.0,1.0,9.0,260.0,41.0,230.0,0.0,70.84
69.0,2.0,6221.0,6789.0,0.0,0.0,0.0,0.0,115.0,0.0,12.0,232.0,38.0,255.0,0.0,70.38
70.0,2.0,6324.0,6793.0,0.0,0.0,0.0,0.0,106.0,0.0,3.0,280.0,38.0,238.0,0.0,69.96
71.0,1.0,6442.0,6688.0,0.0,1.0,0.0,0.0,126.0,0.0,8.0,213.0,44.0,274.0,0.0,69.54
72.0,1.0,6542.0,6638.0,0.0,0.0,0.0,0.0,104.0,0.0,4.0,237.0,46.0,241.0,0.0,69.1
73.0,0.0,6634.0,6644.0,0.0,1.0,0.0,0.0,101.0,1.0,8.0,278.0,38.0,234.0,0.0,68.69
74.0,0.0,6711.0,6606.0,0.0,0.0,0.0,0.0,85.0,2.0,6.0,234.0,43.0,229.0,0.0,68.32
75.0,0.0,6807.0,6556.0,0.0,0.0,0.0,0.0,105.0,1.0,8.0,232.0,48.0,234.0,0.0,67.92
76.0,0.0,6905.0,6500.0,0.0,0.0,0.0,0.0,105.0,0.0,7.0,227.0,49.0,234.0,0.0,67.43
77.0,0.0,7020.0,6463.0,0.0,0.0,0.0,0.0,124.0,2.0,7.0,217.0,34.0,220.0,0.0,67.07
78.0,0.0,7137.0,6429.0,0.0,0.0,0.0,0.0,131.0,2.0,12.0,244.0,49.0,229.0,0.0,66.52
79.0,0.0,7284.0,6405.0,0.0,0.0,0.0,0.0,163.0,1.0,15.0,237.0,52.0,209.0,0.0,66.05
80.0,0.0,7423.0,6351.0,0.0,0.0,0.0,0.0,144.0,0.0,5.0,248.0,64.0,238.0,0.0,65.66
81.0,0.0,7657.0,6305.0,0.0,0.0,0.0,0.0,240.0,1.0,5.0,256.0,56.0,246.0,0.0,65.2
82.0,0.0,7788.0,6248.0,0.0,0.0,0.0,0.0,140.0,0.0,9.0,228.0,51.0,234.0,0.0,64.61
83.0,0.0,7989.0,6202.0,0.0,0.0,0.0,0.0,209.0,0.0,8.0,233.0,52.0,227.0,0.0,64.26
84.0,0.0,8149.0,6143.0,0.0,0.0,0.0,0.0,174.0,2.0,12.0,196.0,46.0,209.0,0.0,63.64
85.0,0.0,8374.0,6090.0,0.0,0.0,0.0,0.0,235.0,0.0,10.0,226.0,39.0,240.0,0.0,63.15
86.0,0.0,8532.0,6022.0,0.0,0.0,0.0,0.0,162.0,0.0,4.0,203.0,47.0,224.0,0.0,62.66
87.0,0.0,8697.0,5994.0,0.0,0.0,0.0,0.0,171.0,1.0,5.0,220.0,43.0,205.0,0.0,62.19
88.0,0.0,8872.0,5946.0,0.0,0.0,0.0,0.0,187.0,0.0,12.0,216.0,54.0,210.0,0.0,61.7
89.0,0.0,9060.0,5882.0,0.0,0.0,0.0,0.0,196.0,3.0,5.0,214.0,53.0,225.0,0.0,61.12
90.0,0.0,9221.0,5852.0,0.0,0.0,0.0,0.0,166.0,1.0,4.0,225.0,56.0,199.0,0.0,60.52
91.0,0.0,9365.0,5812.0,0.0,0.0,0.0,0.0,151.0,1.0,6.0,240.0,46.0,234.0,0.0,60.0
92.0,0.0,9527.0,5716.0,0.0,0.0,0.0,0.0,167.0,2.0,3.0,197.0,66.0,227.0,0.0,59.38
93.0,0.0,9677.0,5652.0,0.0,0.0,0.0,0.0,157.0,5.0,2.0,181.0,51.0,194.0,0.0,58.9
94.0,0.0,9822.0,5597.0,0.0,0.0,0.0,0.0,153.0,2.0,6.0,195.0,51.0,199.0,0.0,58.39
95.0,0.0,9951.0,5528.0,0.0,0.0,0.0,0.0,147.0,5.0,13.0,185.0,51.0,203.0,0.0,57.88
96.0,0.0,10097.0,5450.0,0.0,0.0,0.0,0.0,155.0,5.0,4.0,196.0,51.0,223.0,0.0,57.37
97.0,0.0,10248.0,5427.0,0.0,0.0,0.0,0.0,163.0,6.0,6.0,217.0,45.0,195.0,0.0,56.72
98.0,0.0,10439.0,5387.0,0.0,0.0,0.0,0.0,196.0,1.0,4.0,203.0,46.0,197.0,0.0,56.3
99.0,0.0,10621.0,5303.0,0.0,0.0,0.0,0.0,192.0,6.0,4.0,187.0,73.0,198.0,0.0,55.75
100.0,0.0,10845.0,5252.0,0.0,0.0,0.0,0.0,236.0,4.0,8.0,186.0,64.0,173.0,0.0,55.15
101.0,0.0,11115.0,5193.0,0.0,0.0,0.0,0.0,281.0,4.0,7.0,188.0,55.0,192.0,0.0,54.74
102.0,0.0,11363.0,5123.0,0.0,0.0,0.0,0.0,268.0,13.0,7.0,158.0,47.0,181.0,0.0,54.14
103.0,0.0,11595.0,5061.0,0.0,0.0,0.0,0.0,245.0,7.0,6.0,174.0,57.0,179.0,0.0,53.59
104.0,0.0,11873.0,5003.0,0.0,0.0,0.0,0.0,297.0,12.0,7.0,161.0,55.0,164.0,0.0,53.08
105.0,0.0,12100.0,4935.0,0.0,0.0,0.0,0.0,258.0,24.0,7.0,162.0,47.0,183.0,0.0,52.44
106.0,0.0,12384.0,4848.0,0.0,0.0,0.0,0.0,305.0,11.0,10.0,162.0,76.0,173.0,0.0,51.96
107.0,0.0,12606.0,4753.0,0.0,0.0,0.0,0.0,243.0,16.0,5.0,164.0,63.0,196.0,0.0,51.4
108.0,0.0,12834.0,4659.0,0.0,0.0,0.0,0.0,253.0,19.0,6.0,148.0,68.0,174.0,0.0,50.85
109.0,0.0,13077.0,4549.0,0.0,0.0,0.0,0.0,270.0,23.0,4.0,135.0,66.0,179.0,0.0,50.33
110.0,0.0,13295.0,4467.0,0.0,0.0,0.0,0.0,247.0,23.0,6.0,160.0,69.0,173.0,0.0,49.93
111.0,0.0,13518.0,4373.0,0.0,0.0,0.0,0.0,248.0,19.0,6.0,130.0,69.0,155.0,0.0,49.45
112.0,0.0,13723.0,4279.0,0.0,0.0,0.0,0.0,242.0,30.0,7.0,140.0,55.0,179.0,0.0,48.93
113.0,0.0,13929.0,4223.0,0.0,0.0,0.0,0.0,233.0,23.0,4.0,137.0,42.0,151.0,0.0,48.49
114.0,0.0,14091.0,4144.0,0.0,0.0,0.0,0.0,202.0,32.0,8.0,154.0,61.0,172.0,0.0,47.97
115.0,0.0,14291.0,4068.0,0.0,0.0,0.0,0.0,239.0,34.0,5.0,134.0,59.0,151.0,0.0,47.46
116.0,0.0,14454.0,3958.0,0.0,0.0,0.0,0.0,209.0,39.0,7.0,117.0,61.0,166.0,0.0,46.99
117.0,0.0,14662.0,3850.0,0.0,0.0,0.0,0.0,255.0,38.0,9.0,97.0,49.0,156.0,0.0,46.51
118.0,0.0,14850.0,3772.0,0.0,0.0,0.0,0.0,242.0,44.0,10.0,115.0,49.0,144.0,0.0,46.07
119.0,0.0,15084.0,3693.0,0.0,0.0,0.0,0.0,278.0,38.0,6.0,116.0,58.0,137.0,0.0,45.65
120.0,0.0,15307.0,3618.0,0.0,0.0,0.0,0.0,282.0,53.0,6.0,113.0,43.0,145.0,0.0,45.23
121.0,0.0,15638.0,3523.0,0.0,0.0,0.0,0.0,386.0,48.0,7.0,115.0,65.0,145.0,0.0,44.76
122.0,0.0,15947.0,3450.0,0.0,0.0,0.0,0.0,369.0,54.0,6.0,121.0,65.0,129.0,0.0,44.35
123.0,0.0,16260.0,3349.0,0.0,0.0,0.0,0.0,384.0,66.0,5.0,98.0,55.0,144.0,0.0,44.02
124.0,0.0,16511.0,3275.0,0.0,0.0,0.0,0.0,331.0,70.0,10.0,122.0,46.0,150.0,0.0,43.6
125.0,0.0,16832.0,3189.0,0.0,0.0,0.0,0.0,396.0,67.0,8.0,98.0,53.0,131.0,0.0,43.18
126.0,0.0,17106.0,3095.0,0.0,0.0,0.0,0.0,355.0,76.0,5.0,84.0,64.0,114.0,0.0,42.84
127.0,0.0,17423.0,3014.0,0.0,0.0,0.0,0.0,411.0,87.0,7.0,87.0,55.0,113.0,0.0,42.47
128.0,0.0,17658.0,2941.0,0.0,0.0,0.0,0.0,338.0,96.0,7.0,94.0,43.0,124.0,0.0,42.06
129.0,0.0,17897.0,2858.0,0.0,0.0,0.0,0.0,335.0,89.0,7.0,83.0,57.0,109.0,0.0,41.69
130.0,0.0,18112.0,2794.0,0.0,0.0,0.0,0.0,317.0,96.0,6.0,92.0,48.0,108.0,0.0,41.31
131.0,0.0,18334.0,2739.0,0.0,0.0,0.0,0.0,332.0,105.0,5.0,95.0,41.0,109.0,0.0,40.86
132.0,0.0,18513.0,2679.0,0.0,0.0,0.0,0.0,310.0,126.0,5.0,86.0,47.0,99.0,0.0,40.48
133.0,0.0,18692.0,2613.0,0.0,0.0,0.0,0.0,313.0,131.0,3.0,82.0,48.0,100.0,0.0,40.16
134.0,0.0,18854.0,2555.0,0.0,0.0,0.0,0.0,304.0,136.0,6.0,83.0,45.0,96.0,0.0,39.84
135.0,0.0,19016.0,2488.0,0.0,0.0,0.0,0.0,313.0,146.0,5.0,73.0,50.0,90.0,0.0,39.57
136.0,0.0,19169.0,2411.0,0.0,0.0,0.0,0.0,296.0,138.0,5.0,64.0,34.0,107.0,0.0,39.22
137.0,0.0,19299.0,2344.0,0.0,0.0,0.0,0.0,282.0,141.0,11.0,70.0,38.0,99.0,0.0,38.93
138.0,0.0,19418.0,2295.0,0.0,0.0,0.0,0.0,317.0,188.0,10.0,83.0,34.0,98.0,0.0,38.71
139.0,0.0,19628.0,2257.0,0.0,0.0,0.0,0.0,363.0,151.0,2.0,85.0,39.0,84.0,0.0,38.46
140.0,0.0,19832.0,2190.0,0.0,0.0,0.0,0.0,382.0,175.0,3.0,63.0,36.0,94.0,0.0,38.22
141.0,0.0,20075.0,2136.0,0.0,0.0,0.0,0.0,426.0,173.0,10.0,69.0,44.0,79.0,0.0,37.96
142.0,0.0,20342.0,2077.0,0.0,0.0,0.0,0.0,487.0,214.0,6.0,74.0,43.0,90.0,0.0,37.7
143.0,0.0,20606.0,2046.0,0.0,0.0,0.0,0.0,469.0,201.0,4.0,71.0,27.0,75.0,0.0,37.44
144.0,0.0,20816.0,1999.0,0.0,0.0,0.0,0.0,412.0,198.0,4.0,73.0,36.0,84.0,0.0,37.21
145.0,0.0,21007.0,1945.0,0.0,0.0,0.0,0.0,421.0,219.0,11.0,56.0,40.0,70.0,0.0,36.98
146.0,0.0,21284.0,1873.0,0.0,0.0,0.0,0.0,476.0,192.0,7.0,50.0,42.0,80.0,0.0,36.69
147.0,0.0,21430.0,1817.0,0.0,0.0,0.0,0.0,395.0,242.0,7.0,59.0,37.0,78.0,0.0,36.47
148.0,0.0,21648.0,1798.0,0.0,0.0,0.0,0.0,453.0,228.0,7.0,76.0,26.0,69.0,0.0,36.27
149.0,0.0,21816.0,1761.0,0.0,0.0,0.0,0.0,423.0,251.0,4.0,63.0,29.0,71.0,0.0,36.0
150.0,0.0,21912.0,1721.0,0.0,0.0,0.0,0.0,383.0,287.0,0.0,57.0,36.0,61.0,0.0,35.78
151.0,0.0,22003.0,1692.0,0.0,0.0,0.0,0.0,391.0,295.0,5.0,66.0,30.0,65.0,0.0,35.57
152.0,0.0,22080.0,1646.0,0.0,0.0,0.0,0.0,357.0,277.0,3.0,55.0,31.0,70.0,0.0,35.36
153.0,0.0,22154.0,1620.0,0.0,0.0,0.0,0.0,362.0,286.0,2.0,58.0,23.0,61.0,0.0,35.22
154.0,0.0,22201.0,1568.0,0.0,0.0,0.0,0.0,339.0,288.0,4.0,43.0,37.0,58.0,0.0,35.06
155.0,0.0,22249.0,1541.0,0.0,0.0,0.0,0.0,369.0,313.0,8.0,58.0,28.0,57.0,0.0,34.94
156.0,0.0,22279.0,1504.0,0.0,0.0,0.0,0.0,361.0,328.0,3.0,47.0,25.0,59.0,0.0,34.79
157.0,0.0,22285.0,1475.0,0.0,0.0,0.0,0.0,347.0,337.0,4.0,49.0,27.0,51.0,0.0,34.69
158.0,0.0,22278.0,1456.0,0.0,0.0,0.0,0.0,334.0,334.0,7.0,51.0,17.0,53.0,0.0,34.55
159.0,0.0,22278.0,1430.0,0.0,0.0,0.0,0.0,338.0,332.0,6.0,64.0,30.0,60.0,0.0,34.42
160.0,0.0,22308.0,1390.0,0.0,0.0,0.0,0.0,392.0,359.0,3.0,34.0,26.0,48.0,0.0,34.28
161.0,0.0,22455.0,1380.0,0.0,0.0,0.0,0.0,480.0,330.0,3.0,63.0,23.0,50.0,0.0,34.19
162.0,0.0,22607.0,1347.0,0.0,0.0,0.0,0.0,502.0,347.0,3.0,43.0,24.0,52.0,0.0,34.1
163.0,0.0,22720.0,1302.0,0.0,0.0,0.0,0.0,489.0,370.0,6.0,32.0,26.0,51.0,0.0,34.0
164.0,0.0,22799.0,1283.0,0.0,0.0,0.0,0.0,469.0,387.0,3.0,43.0,19.0,43.0,0.0,33.93
165.0,0.0,22884.0,1271.0,0.0,0.0,0.0,0.0,481.0,395.0,1.0,50.0,21.0,41.0,0.0,33.84
166.0,0.0,22948.0,1225.0,0.0,0.0,0.0,0.0,448.0,383.0,1.0,30.0,30.0,46.0,0.0,33.75
167.0,0.0,23037.0,1197.0,0.0,0.0,0.0,0.0,467.0,374.0,4.0,39.0,26.0,41.0,0.0,33.71
168.0,0.0,23074.0,1173.0,0.0,0.0,0.0,0.0,436.0,397.0,2.0,43.0,27.0,40.0,0.0,33.62
169.0,0.0,23127.0,1147.0,0.0,0.0,0.0,0.0,456.0,398.0,5.0,42.0,25.0,43.0,0.0,33.51
170.0,0.0,23102.0,1122.0,0.0,0.0,0.0,0.0,398.0,419.0,4.0,40.0,28.0,37.0,0.0,33.4
171.0,0.0,23105.0,1092.0,0.0,0.0,0.0,0.0,383.0,378.0,2.0,34.0,22.0,42.0,0.0,33.34
172.0,0.0,23058.0,1064.0,0.0,0.0,0.0,0.0,346.0,393.0,0.0,32.0,20.0,40.0,0.0,33.27
173.0,0.0,23028.0,1041.0,0.0,0.0,0.0,0.0,396.0,426.0,0.0,32.0,14.0,41.0,0.0,33.18
174.0,0.0,22956.0,1015.0,0.0,0.0,0.0,0.0,376.0,446.0,2.0,34.0,20.0,40.0,0.0,33.14
175.0,0.0,22892.0,990.0,0.0,0.0,0.0,0.0,366.0,428.0,2.0,26.0,15.0,36.0,0.0,33.1
176.0,0.0,22876.0,974.0,0.0,0.0,0.0,0.0,379.0,394.0,1.0,35.0,23.0,28.0,0.0,33.04
177.0,0.0,22815.0,967.0,0.0,0.0,0.0,0.0,365.0,425.0,1.0,35.0,16.0,26.0,0.0,32.99
178.0,0.0,22726.0,961.0,0.0,0.0,0.0,0.0,356.0,442.0,3.0,46.0,20.0,32.0,0.0,32.96
179.0,0.0,22631.0,935.0,0.0,0.0,0.0,0.0,329.0,423.0,1.0,23.0,16.0,33.0,0.0,32.91
180.0,0.0,22540.0,914.0,0.0,0.0,0.0,0.0,352.0,442.0,1.0,35.0,18.0,38.0,0.0,32.93
181.0,0.0,22493.0,887.0,0.0,0.0,0.0,0.0,399.0,441.0,5.0,27.0,14.0,40.0,0.0,32.87
182.0,0.0,22511.0,863.0,0.0,0.0,0.0,0.0,463.0,444.0,1.0,29.0,17.0,36.0,0.0,32.84
183.0,0.0,22540.0,850.0,0.0,0.0,0.0,0.0,497.0,468.0,0.0,31.0,16.0,28.0,0.0,32.82
184.0,0.0,22532.0,827.0,0.0,0.0,0.0,0.0,488.0,496.0,0.0,30.0,18.0,35.0,0.0,32.8
185.0,0.0,22514.0,817.0,0.0,0.0,0.0,0.0,435.0,450.0,3.0,32.0,11.0,31.0,0.0,32.78
186.0,0.0,22538.0,802.0,0.0,0.0,0.0,0.0,476.0,451.0,1.0,27.0,15.0,27.0,0.0,32.74
187.0,0.0,22496.0,781.0,0.0,0.0,0.0,0.0,410.0,450.0,2.0,25.0,17.0,29.0,0.0,32.71
188.0,0.0,22502.0,773.0,0.0,0.0,0.0,0.0,446.0,438.0,2.0,39.0,16.0,31.0,0.0,32.68
189.0,0.0,22525.0,762.0,0.0,0.0,0.0,0.0,447.0,424.0,0.0,28.0,14.0,25.0,0.0,32.67
190.0,0.0,22486.0,758.0,0.0,0.0,0.0,0.0,383.0,422.0,0.0,29.0,11.0,22.0,0.0,32.62
191.0,0.0,22415.0,741.0,0.0,0.0,0.0,0.0,382.0,451.0,2.0,19.0,7.0,29.0,0.0,32.63
192.0,0.0,22311.0,733.0,0.0,0.0,0.0,0.0,346.0,449.0,1.0,29.0,18.0,19.0,0.0,32.61
193.0,0.0,22221.0,720.0,0.0,0.0,0.0,0.0,367.0,454.0,3.0,27.0,6.0,34.0,0.0,32.61
194.0,0.0,22143.0,702.0,0.0,0.0,0.0,0.0,354.0,432.0,0.0,23.0,18.0,23.0,0.0,32.58
195.0,0.0,22069.0,692.0,0.0,0.0,0.0,0.0,371.0,444.0,1.0,25.0,10.0,25.0,0.0,32.55
196.0,0.0,21935.0,684.0,0.0,0.0,0.0,0.0,354.0,487.0,1.0,21.0,4.0,25.0,0.0,32.52
197.0,0.0,21839.0,680.0,0.0,0.0,0.0,0.0,337.0,432.0,1.0,28.0,9.0,23.0,0.0,32.55
198.0,0.0,21726.0,653.0,0.0,0.0,0.0,0.0,337.0,449.0,1.0,15.0,14.0,28.0,0.0,32.54
199.0,0.0,21621.0,650.0,0.0,0.0,0.0,0.0,324.0,428.0,1.0,27.0,13.0,17.0,0.0,32.52
200.0,0.0,21552.0,652.0,0.0,0.0,0.0,0.0,354.0,420.0,3.0,27.0,8.0,17.0,0.0,32.53
201.0,0.0,21454.0,638.0,0.0,0.0,0.0,0.0,351.0,448.0,1.0,20.0,9.0,25.0,0.0,32.51
202.0,0.0,21438.0,621.0,0.0,0.0,0.0,0.0,424.0,438.0,2.0,16.0,14.0,19.0,0.0,32.52
203.0,0.0,21400.0,606.0,0.0,0.0,0.0,0.0,412.0,447.0,3.0,23.0,12.0,26.0,0.0,32.51
204.0,0.0,21363.0,588.0,0.0,0.0,0.0,0.0,438.0,474.0,1.0,15.0,10.0,23.0,0.0,32.53
205.0,0.0,21358.0,577.0,0.0,0.0,0.0,0.0,429.0,430.0,4.0,16.0,10.0,17.0,0.0,32.5
206.0,0.0,21335.0,571.0,0.0,0.0,0.0,0.0,431.0,454.0,0.0,18.0,7.0,17.0,0.0,32.51
207.0,0.0,21323.0,565.0,0.0,0.0,0.0,0.0,426.0,438.0,0.0,19.0,10.0,15.0,0.0,32.53
208.0,0.0,21287.0,553.0,0.0,0.0,0.0,0.0,394.0,430.0,0.0,16.0,7.0,21.0,0.0,32.49
209.0,0.0,21274.0,529.0,0.0,0.0,0.0,0.0,429.0,441.0,1.0,10.0,14.0,20.0,0.0,32.42
210.0,0.0,21237.0,524.0,0.0,0.0,0.0,0.0,389.0,426.0,0.0,24.0,4.0,25.0,0.0,32.45
211.0,0.0,21172.0,518.0,0.0,0.0,0.0,0.0,382.0,447.0,0.0,22.0,8.0,20.0,0.0,32.49
212.0,0.0,21137.0,495.0,0.0,0.0,0.0,0.0,369.0,404.0,0.0,10.0,9.0,24.0,0.0,32.46
213.0,0.0,21048.0,484.0,0.0,0.0,0.0,0.0,348.0,437.0,0.0,16.0,9.0,18.0,0.0,32.51
214.0,0.0,20971.0,471.0,0.0,0.0,0.0,0.0,359.0,435.0,1.0,14.0,10.0,17.0,0.0,32.47
215.0,0.0,20919.0,462.0,0.0,0.0,0.0,0.0,327.0,379.0,0.0,19.0,8.0,20.0,0.0,32.47
216.0,0.0,20823.0,452.0,0.0,0.0,0.0,0.0,337.0,432.0,1.0,17.0,6.0,21.0,0.0,32.49
217.0,0.0,20791.0,432.0,0.0,0.0,0.0,0.0,345.0,375.0,2.0,9.0,6.0,23.0,0.0,32.52
218.0,0.0,20683.0,424.0,0.0,0.0,0.0,0.0,318.0,425.0,1.0,13.0,5.0,16.0,0.0,32.52
219.0,0.0,20588.0,420.0,0.0,0.0,0.0,0.0,345.0,439.0,1.0,18.0,7.0,15.0,0.0,32.53
220.0,0.0,20544.0,417.0,0.0,0.0,0.0,0.0,347.0,390.0,1.0,16.0,6.0,13.0,0.0,32.48
221.0,0.0,20457.0,418.0,0.0,0.0,0.0,0.0,329.0,416.0,0.0,14.0,5.0,8.0,0.0,32.49
222.0,0.0,20425.0,413.0,0.0,0.0,0.0,0.0,362.0,392.0,2.0,19.0,13.0,11.0,0.0,32.54
223.0,0.0,20436.0,404.0,0.0,0.0,0.0,0.0,402.0,391.0,0.0,12.0,6.0,15.0,0.0,32.56
224.0,0.0,20429.0,394.0,0.0,0.0,0.0,0.0,415.0,422.0,0.0,15.0,10.0,15.0,0.0,32.52
225.0,0.0,20433.0,377.0,0.0,0.0,0.0,0.0,388.0,384.0,0.0,9.0,7.0,19.0,0.0,32.54
226.0,0.0,20470.0,372.0,0.0,0.0,0.0,0.0,432.0,393.0,2.0,10.0,1.0,14.0,0.0,32.55
227.0,0.0,20481.0,366.0,0.0,0.0,0.0,0.0,398.0,387.0,0.0,16.0,7.0,15.0,0.0,32.59
228.0,0.0,20453.0,359.0,0.0,0.0,0.0,0.0,399.0,425.0,2.0,11.0,2.0,16.0,0.0,32.58
229.0,0.0,20432.0,357.0,0.0,0.0,0.0,0.0,392.0,413.0,0.0,19.0,5.0,16.0,0.0,32.58
230.0,0.0,20421.0,355.0,0.0,0.0,0.0,0.0,380.0,390.0,1.0,12.0,6.0,8.0,0.0,32.56
231.0,0.0,20389.0,349.0,0.0,0.0,0.0,0.0,365.0,397.0,0.0,9.0,4.0,11.0,0.0,32.55
232.0,0.0,20404.0,347.0,0.0,0.0,0.0,0.0,375.0,359.0,1.0,12.0,2.0,12.0,0.0,32.55
233.0,0.0,20391.0,347.0,0.0,0.0,0.0,0.0,369.0,382.0,0.0,11.0,3.0,8.0,0.0,32.58
234.0,0.0,20353.0,338.0,0.0,0.0,0.0,0.0,353.0,390.0,1.0,13.0,7.0,15.0,0.0,32.59
235.0,0.0,20306.0,333.0,0.0,0.0,0.0,0.0,339.0,386.0,0.0,15.0,9.0,11.0,0.0,32.59
236.0,0.0,20279.0,321.0,0.0,0.0,0.0,0.0,326.0,353.0,0.0,5.0,3.0,14.0,0.0,32.6
237.0,0.0,20219.0,311.0,0.0,0.0,0.0,0.0,334.0,393.0,1.0,8.0,5.0,13.0,0.0,32.62
238.0,0.0,20113.0,311.0,0.0,0.0,0.0,0.0,299.0,405.0,0.0,15.0,3.0,12.0,0.0,32.63
239.0,0.0,20038.0,305.0,0.0,0.0,0.0,0.0,332.0,407.0,0.0,9.0,2.0,13.0,0.0,32.61
240.0,0.0,19987.0,306.0,0.0,0.0,0.0,0.0,341.0,392.0,0.0,11.0,2.0,8.0,0.0,32.61
241.0,0.0,19990.0,305.0,0.0,0.0,0.0,0.0,350.0,346.0,1.0,13.0,4.0,10.0,0.0,32.58
242.0,0.0,19973.0,293.0,0.0,0.0,0.0,0.0,336.0,353.0,0.0,7.0,9.0,10.0,0.0,32.62
243.0,0.0,19978.0,295.0,0.0,0.0,0.0,0.0,389.0,384.0,0.0,16.0,6.0,8.0,0.0,32.61
244.0,0.0,20057.0,292.0,0.0,0.0,0.0,0.0,416.0,337.0,0.0,7.0,5.0,5.0,0.0,32.61
245.0,0.0,20083.0,282.0,0.0,0.0,0.0,0.0,408.0,382.0,0.0,10.0,5.0,15.0,0.0,32.64
246.0,0.0,20103.0,272.0,0.0,0.0,0.0,0.0,391.0,371.0,0.0,8.0,6.0,12.0,0.0,32.64
247.0,0.0,20130.0,270.0,0.0,0.0,0.0,0.0,405.0,378.0,0.0,11.0,3.0,10.0,0.0,32.65
248.0,0.0,20137.0,263.0,0.0,0.0,0.0,0.0,380.0,373.0,0.0,9.0,3.0,13.0,0.0,32.69
249.0,0.0,20161.0,264.0,0.0,0.0,0.0,0.0,400.0,376.0,0.0,13.0,1.0,11.0,0.0,32.65
250.0,0.0,20180.0,251.0,0.0,0.0,0.0,0.0,401.0,382.0,0.0,3.0,3.0,13.0,0.0,32.66
251.0,0.0,20257.0,251.0,0.0,0.0,0.0,0.0,409.0,332.0,0.0,12.0,3.0,9.0,0.0,32.59
252.0,0.0,20218.0,247.0,0.0,0.0,0.0,0.0,343.0,381.0,1.0,6.0,1.0,9.0,0.0,32.58
253.0,0.0,20228.0,249.0,0.0,0.0,0.0,0.0,374.0,364.0,0.0,11.0,0.0,9.0,0.0,32.53
254.0,0.0,20200.0,244.0,0.0,0.0,0.0,0.0,339.0,367.0,0.0,5.0,1.0,9.0,0.0,32.53
255.0,0.0,20167.0,237.0,0.0,0.0,0.0,0.0,337.0,370.0,0.0,9.0,1.0,15.0,0.0,32.55
256.0,0.0,20119.0,235.0,0.0,0.0,0.0,0.0,322.0,369.0,1.0,5.0,2.0,5.0,0.0,32.6
257.0,0.0,20067.0,233.0,0.0,0.0,0.0,0.0,321.0,373.0,0.0,13.0,4.0,11.0,0.0,32.58
258.0,0.0,19999.0,238.0,0.0,0.0,0.0,0.0,321.0,389.0,0.0,11.0,1.0,5.0,0.0,32.57
259.0,0.0,19953.0,236.0,0.0,0.0,0.0,0.0,314.0,360.0,0.0,7.0,2.0,7.0,0.0,32.57
260.0,0.0,19948.0,241.0,0.0,0.0,0.0,0.0,353.0,358.0,0.0,14.0,2.0,7.0,0.0,32.56
261.0,0.0,19936.0,235.0,0.0,0.0,0.0,0.0,348.0,359.0,1.0,7.0,3.0,10.0,0.0,32.57
262.0,0.0,19888.0,223.0,0.0,0.0,0.0,0.0,325.0,372.0,1.0,6.0,6.0,12.0,0.0,32.61
263.0,0.0,19923.0,223.0,0.0,0.0,0.0,0.0,385.0,349.0,1.0,7.0,1.0,6.0,0.0,32.59
264.0,0.0,19953.0,225.0,0.0,0.0,0.0,0.0,389.0,359.0,0.0,11.0,1.0,8.0,0.0,32.57
265.0,0.0,19961.0,219.0,0.0,0.0,0.0,0.0,385.0,377.0,0.0,5.0,3.0,8.0,0.0,32.59
266.0,0.0,20022.0,214.0,0.0,0.0,0.0,0.0,415.0,354.0,0.0,6.0,4.0,7.0,0.0,32.59
267.0,0.0,20054.0,205.0,0.0,0.0,0.0,0.0,406.0,374.0,0.0,6.0,3.0,12.0,0.0,32.56
268.0,0.0,20066.0,203.0,0.0,0.0,0.0,0.0,373.0,361.0,0.0,6.0,2.0,6.0,0.0,32.63
269.0,0.0,20079.0,201.0,0.0,0.0,0.0,0.0,383.0,370.0,0.0,7.0,1.0,8.0,0.0,32.62
270.0,0.0,20122.0,193.0,0.0,0.0,0.0,0.0,388.0,345.0,0.0,4.0,2.0,10.0,0.0,32.63
271.0,0.0,20119.0,192.0,0.0,0.0,0.0,0.0,366.0,369.0,0.0,7.0,1.0,7.0,0.0,32.59
272.0,0.0,20121.0,199.0,0.0,0.0,0.0,0.0,359.0,357.0,0.0,12.0,3.0,2.0,0.0,32.59
273.0,0.0,20104.0,191.0,0.0,0.0,0.0,0.0,353.0,369.0,1.0,5.0,3.0,10.0,0.0,32.55
274.0,0.0,20043.0,194.0,0.0,0.0,0.0,0.0,332.0,393.0,0.0,7.0,0.0,4.0,0.0,32.55
275.0,0.0,20018.0,182.0,0.0,0.0,0.0,0.0,337.0,362.0,0.0,3.0,2.0,13.0,0.0,32.54
276.0,0.0,19984.0,173.0,0.0,0.0,0.0,0.0,314.0,347.0,1.0,2.0,2.0,9.0,0.0,32.54
277.0,0.0,19912.0,165.0,0.0,0.0,0.0,0.0,293.0,365.0,0.0,3.0,4.0,7.0,0.0,32.54
278.0,0.0,19907.0,164.0,0.0,0.0,0.0,0.0,324.0,328.0,1.0,7.0,2.0,6.0,0.0,32.59
279.0,0.0,19899.0,158.0,0.0,0.0,0.0,0.0,325.0,333.0,0.0,6.0,4.0,8.0,0.0,32.64
280.0,0.0,19909.0,153.0,0.0,0.0,0.0,0.0,342.0,332.0,0.0,3.0,2.0,6.0,0.0,32.64
281.0,0.0,19890.0,154.0,0.0,0.0,0.0,0.0,344.0,363.0,0.0,9.0,3.0,5.0,0.0,32.64
282.0,0.0,19850.0,155.0,0.0,0.0,0.0,0.0,325.0,365.0,0.0,6.0,2.0,3.0,0.0,32.64
283.0,0.0,19855.0,153.0,0.0,0.0,0.0,0.0,369.0,364.0,0.0,4.0,0.0,6.0,0.0,32.66
284.0,0.0,19895.0,147.0,0.0,0.0,0.0,0.0,388.0,348.0,0.0,3.0,0.0,9.0,0.0,32.6
285.0,0.0,19908.0,146.0,0.0,0.0,0.0,0.0,386.0,373.0,0.0,6.0,0.0,7.0,0.0,32.66
286.0,0.0,19970.0,141.0,0.0,0.0,0.0,0.0,425.0,363.0,0.0,4.0,6.0,3.0,0.0,32.63
287.0,0.0,20043.0,137.0,0.0,0.0,0.0,0.0,411.0,337.0,1.0,4.0,1.0,7.0,0.0,32.64
288.0,0.0,20078.0,136.0,0.0,0.0,0.0,0.0,387.0,352.0,0.0,4.0,0.0,5.0,0.0,32.65
289.0,0.0,20106.0,130.0,0.0,0.0,0.0,0.0,385.0,357.0,0.0,3.0,3.0,6.0,0.0,32.67
290.0,0.0,20090.0,132.0,0.0,0.0,0.0,0.0,348.0,364.0,0.0,6.0,0.0,4.0,0.0,32.74
291.0,0.0,20111.0,128.0,0.0,0.0,0.0,0.0,401.0,380.0,0.0,5.0,0.0,9.0,0.0,32.7
292.0,0.0,20072.0,131.0,0.0,0.0,0.0,0.0,343.0,382.0,0.0,9.0,1.0,5.0,0.0,32.68
293.0,0.0,20071.0,131.0,0.0,0.0,0.0,0.0,352.0,353.0,0.0,5.0,1.0,4.0,0.0,32.65
294.0,0.0,20021.0,129.0,0.0,0.0,0.0,0.0,319.0,369.0,0.0,3.0,1.0,4.0,0.0,32.65
295.0,0.0,19961.0,122.0,0.0,0.0,0.0,0.0,339.0,399.0,0.0,2.0,3.0,6.0,0.0,32.67
296.0,0.0,19884.0,125.0,0.0,0.0,0.0,0.0,316.0,393.0,0.0,8.0,0.0,5.0,0.0,32.66
297.0,0.0,19835.0,124.0,0.0,0.0,0.0,0.0,309.0,358.0,0.0,3.0,3.0,1.0,0.0,32.65
298.0,0.0,19776.0,122.0,0.0,0.0,0.0,0.0,315.0,374.0,0.0,2.0,1.0,3.0,0.0,32.68
299.0,0.0,19715.0,121.0,0.0,0.0,0.0,0.0,315.0,376.0,0.0,7.0,0.0,8.0,0.0,32.68
300.0,0.0,19647.0,119.0,0.0,0.0,0.0,0.0,327.0,395.0,0.0,7.0,3.0,6.0,0.0,32.69
301.0,0.0,19612.0,117.0,0.0,0.0,0.0,0.0,339.0,374.0,0.0,4.0,1.0,5.0,0.0,32.75
302.0,0.0,19625.0,113.0,0.0,0.0,0.0,0.0,336.0,323.0,0.0,4.0,2.0,6.0,0.0,32.74
303.0,0.0,19616.0,112.0,0.0,0.0,0.0,0.0,346.0,355.0,0.0,3.0,1.0,3.0,0.0,32.76
304.0,0.0,19636.0,108.0,0.0,0.0,0.0,0.0,353.0,333.0,0.0,2.0,0.0,6.0,0.0,32.71
305.0,0.0,19683.0,113.0,0.0,0.0,0.0,0.0,413.0,366.0,0.0,7.0,0.0,2.0,0.0,32.72
306.0,0.0,19705.0,113.0,0.0,0.0,0.0,0.0,370.0,348.0,0.0,4.0,0.0,4.0,0.0,32.67
307.0,0.0,19744.0,116.0,0.0,0.0,0.0,0.0,388.0,349.0,0.0,6.0,0.0,3.0,0.0,32.68
308.0,0.0,19781.0,115.0,0.0,0.0,0.0,0.0,412.0,375.0,0.0,4.0,2.0,3.0,0.0,32.71
309.0,0.0,19801.0,120.0,0.0,0.0,0.0,0.0,394.0,374.0,0.0,6.0,0.0,1.0,0.0,32.71
310.0,0.0,19798.0,120.0,0.0,0.0,0.0,0.0,358.0,361.0,0.0,3.0,0.0,3.0,0.0,32.73
311.0,0.0,19791.0,117.0,0.0,0.0,0.0,0.0,356.0,363.0,0.0,6.0,0.0,9.0,0.0,32.73
312.0,0.0,19820.0,115.0,0.0,0.0,0.0,0.0,383.0,354.0,0.0,3.0,0.0,5.0,0.0,32.76
313.0,0.0,19833.0,113.0,0.0,0.0,0.0,0.0,350.0,337.0,0.0,4.0,3.0,3.0,0.0,32.76
314.0,0.0,19811.0,114.0,0.0,0.0,0.0,0.0,334.0,356.0,0.0,6.0,1.0,4.0,0.0,32.74
315.0,0.0,19756.0,117.0,0.0,0.0,0.0,0.0,320.0,375.0,0.0,7.0,0.0,4.0,0.0,32.67
316.0,0.0,19717.0,117.0,0.0,0.0,0.0,0.0,318.0,357.0,0.0,5.0,1.0,4.0,0.0,32.62
317.0,0.0,19708.0,121.0,0.0,0.0,0.0,0.0,324.0,333.0,0.0,8.0,1.0,3.0,0.0,32.67
318.0,0.0,19692.0,118.0,0.0,0.0,0.0,0.0,341.0,357.0,0.0,1.0,1.0,3.0,0.0,32.72
319.0,0.0,19654.0,117.0,0.0,0.0,0.0,0.0,340.0,378.0,0.0,4.0,1.0,4.0,0.0,32.74
320.0,0.0,19644.0,118.0,0.0,0.0,0.0,0.0,341.0,351.0,0.0,5.0,0.0,4.0,0.0,32.68
321.0,0.0,19627.0,117.0,0.0,0.0,0.0,0.0,324.0,341.0,0.0,3.0,0.0,4.0,0.0,32.73
322.0,0.0,19589.0,116.0,0.0,0.0,0.0,0.0,325.0,363.0,0.0,1.0,0.0,2.0,0.0,32.69
323.0,0.0,19599.0,116.0,0.0,0.0,0.0,0.0,344.0,334.0,0.0,5.0,0.0,5.0,0.0,32.71
324.0,0.0,19623.0,121.0,0.0,0.0,0.0,0.0,365.0,341.0,0.0,11.0,0.0,6.0,0.0,32.68
325.0,0.0,19668.0,122.0,0.0,0.0,0.0,0.0,387.0,342.0,0.0,7.0,1.0,5.0,0.0,32.65
326.0,0.0,19725.0,124.0,0.0,0.0,0.0,0.0,402.0,345.0,0.0,6.0,1.0,3.0,0.0,32.62
327.0,0.0,19762.0,125.0,0.0,0.0,0.0,0.0,393.0,356.0,0.0,5.0,0.0,4.0,0.0,32.69
328.0,0.0,19828.0,128.0,0.0,0.0,0.0,0.0,384.0,318.0,0.0,6.0,0.0,3.0,0.0,32.72
329.0,0.0,19898.0,129.0,0.0,0.0,0.0,0.0,407.0,337.0,0.0,6.0,1.0,4.0,0.0,32.71
330.0,0.0,19915.0,129.0,0.0,0.0,0.0,0.0,364.0,347.0,0.0,4.0,0.0,4.0,0.0,32.67
331.0,0.0,19944.0,131.0,0.0,0.0,0.0,0.0,400.0,371.0,0.0,5.0,0.0,3.0,0.0,32.72
332.0,0.0,19979.0,134.0,0.0,0.0,0.0,0.0,364.0,329.0,0.0,7.0,1.0,3.0,0.0,32.74
333.0,0.0,19998.0,135.0,0.0,0.0,0.0,0.0,398.0,379.0,0.0,5.0,0.0,4.0,0.0,32.7
334.0,0.0,20010.0,135.0,0.0,0.0,0.0,0.0,348.0,336.0,0.0,6.0,1.0,5.0,0.0,32.69
335.0,0.0,19985.0,142.0,0.0,0.0,0.0,0.0,349.0,374.0,0.0,10.0,1.0,2.0,0.0,32.67
336.0,0.0,19948.0,142.0,0.0,0.0,0.0,0.0,291.0,328.0,0.0,9.0,2.0,7.0,0.0,32.64
337.0,0.0,19921.0,142.0,0.0,0.0,0.0,0.0,342.0,369.0,0.0,5.0,0.0,5.0,0.0,32.66
338.0,0.0,19867.0,142.0,0.0,0.0,0.0,0.0,314.0,368.0,0.0,6.0,1.0,5.0,0.0,32.7
339.0,0.0,19848.0,140.0,0.0,0.0,0.0,0.0,353.0,372.0,0.0,4.0,2.0,4.0,0.0,32.69
340.0,0.0,19826.0,142.0,0.0,0.0,0.0,0.0,333.0,355.0,0.0,7.0,2.0,3.0,0.0,32.68
341.0,0.0,19835.0,140.0,0.0,0.0,0.0,0.0,374.0,365.0,0.0,3.0,2.0,3.0,0.0,32.77
342.0,0.0,19846.0,142.0,0.0,0.0,0.0,0.0,359.0,348.0,0.0,6.0,1.0,3.0,0.0,32.74
343.0,0.0,19775.0,145.0,0.0,0.0,0.0,0.0,323.0,394.0,0.0,5.0,0.0,2.0,0.0,32.72
344.0,0.0,19738.0,145.0,0.0,0.0,0.0,0.0,320.0,357.0,0.0,7.0,1.0,6.0,0.0,32.75
345.0,0.0,19769.0,146.0,0.0,0.0,0.0,0.0,383.0,352.0,0.0,7.0,1.0,5.0,0.0,32.72
346.0,0.0,19806.0,144.0,0.0,0.0,0.0,0.0,397.0,360.0,0.0,3.0,0.0,5.0,0.0,32.68
347.0,0.0,19888.0,145.0,0.0,0.0,0.0,0.0,416.0,334.0,0.0,6.0,1.0,4.0,0.0,32.72
348.0,0.0,19919.0,149.0,0.0,0.0,0.0,0.0,380.0,349.0,0.0,8.0,2.0,2.0,0.0,32.74
349.0,0.0,20032.0,150.0,0.0,0.0,0.0,0.0,416.0,303.0,0.0,7.0,0.0,6.0,0.0,32.75
350.0,0.0,20079.0,148.0,0.0,0.0,0.0,0.0,397.0,350.0,0.0,5.0,0.0,7.0,0.0,32.76
351.0,0.0,20080.0,149.0,0.0,0.0,0.0,0.0,357.0,356.0,0.0,6.0,0.0,5.0,0.0,32.74
352.0,0.0,20121.0,146.0,0.0,0.0,0.0,0.0,381.0,340.0,0.0,1.0,1.0,3.0,0.0,32.74
353.0,0.0,20146.0,143.0,0.0,0.0,0.0,0.0,371.0,346.0,0.0,5.0,4.0,4.0,0.0,32.7
354.0,0.0,20167.0,146.0,0.0,0.0,0.0,0.0,389.0,368.0,0.0,8.0,1.0,4.0,0.0,32.68
355.0,0.0,20144.0,144.0,0.0,0.0,0.0,0.0,383.0,406.0,0.0,4.0,1.0,5.0,0.0,32.65
356.0,0.0,20091.0,144.0,0.0,0.0,0.0,0.0,316.0,369.0,0.0,6.0,2.0,4.0,0.0,32.65
357.0,0.0,20087.0,139.0,0.0,0.0,0.0,0.0,321.0,325.0,0.0,3.0,1.0,7.0,0.0,32.62
358.0,0.0,20057.0,146.0,0.0,0.0,0.0,0.0,329.0,359.0,0.0,10.0,0.0,3.0,0.0,32.65
359.0,0.0,20029.0,144.0,0.0,0.0,0.0,0.0,345.0,373.0,0.0,4.0,2.0,4.0,0.0,32.65
360.0,0.0,20044.0,141.0,0.0,0.0,0.0,0.0,336.0,321.0,0.0,4.0,3.0,4.0,0.0,32.66
361.0,0.0,20014.0,142.0,0.0,0.0,0.0,0.0,330.0,360.0,0.0,6.0,1.0,4.0,0.0,32.67
362.0,0.0,20041.0,141.0,0.0,0.0,0.0,0.0,367.0,340.0,0.0,2.0,0.0,3.0,0.0,32.64
363.0,0.0,20001.0,139.0,0.0,0.0,0.0,0.0,358.0,398.0,0.0,5.0,1.0,6.0,0.0,32.59
364.0,0.0,20011.0,137.0,0.0,0.0,0.0,0.0,342.0,332.0,0.0,6.0,2.0,6.0,0.0,32.55
365.0,0.0,20048.0,131.0,0.0,0.0,0.0,0.0,401.0,364.0,0.0,3.0,2.0,7.0,0.0,32.55
366.0,0.0,20056.0,131.0,0.0,0.0,0.0,0.0,388.0,380.0,0.0,6.0,0.0,6.0,0.0,32.56
367.0,0.0,20108.0,132.0,0.0,0.0,0.0,0.0,404.0,352.0,0.0,8.0,1.0,6.0,0.0,32.56
368.0,0.0,20124.0,127.0,0.0,0.0,0.0,0.0,361.0,345.0,0.0,3.0,0.0,8.0,0.0,32.53
369.0,0.0,20210.0,129.0,0.0,0.0,0.0,0.0,427.0,341.0,0.0,7.0,4.0,1.0,0.0,32.58
370.0,0.0,20292.0,127.0,0.0,0.0,0.0,0.0,424.0,342.0,0.0,2.0,0.0,4.0,0.0,32.59
371.0,0.0,20312.0,133.0,0.0,0.0,0.0,0.0,381.0,361.0,0.0,7.0,0.0,1.0,0.0,32.56
372.0,0.0,20304.0,130.0,0.0,0.0,0.0,0.0,359.0,367.0,0.0,3.0,1.0,5.0,0.0,32.51
373.0,0.0,20358.0,123.0,0.0,0.0,0.0,0.0,424.0,370.0,0.0,0.0,2.0,5.0,0.0,32.46
374.0,0.0,20336.0,124.0,0.0,0.0,0.0,0.0,351.0,373.0,0.0,8.0,1.0,6.0,0.0,32.5
375.0,0.0,20303.0,118.0,0.0,0.0,0.0,0.0,374.0,407.0,0.0,4.0,6.0,4.0,0.0,32.51
376.0,0.0,20268.0,116.0,0.0,0.0,0.0,0.0,325.0,360.0,0.0,4.0,1.0,5.0,0.0,32.52
377.0,0.0,20272.0,115.0,0.0,0.0,0.0,0.0,356.0,352.0,0.0,4.0,0.0,5.0,0.0,32.48
378.0,0.0,20236.0,117.0,0.0,0.0,0.0,0.0,334.0,370.0,0.0,6.0,0.0,4.0,0.0,32.53
379.0,0.0,20254.0,117.0,0.0,0.0,0.0,0.0,350.0,332.0,0.0,5.0,1.0,4.0,0.0,32.52
380.0,0.0,20221.0,118.0,0.0,0.0,0.0,0.0,325.0,358.0,0.0,6.0,1.0,4.0,0.0,32.53
381.0,0.0,20235.0,112.0,0.0,0.0,0.0,0.0,360.0,346.0,0.0,3.0,4.0,5.0,0.0,32.54
382.0,0.0,20203.0,112.0,0.0,0.0,0.0,0.0,337.0,369.0,0.0,4.0,1.0,3.0,0.0,32.52
383.0,0.0,20142.0,112.0,0.0,0.0,0.0,0.0,326.0,387.0,0.0,3.0,1.0,2.0,0.0,32.53
384.0,0.0,20127.0,108.0,0.0,0.0,0.0,0.0,352.0,367.0,0.0,2.0,0.0,6.0,0.0,32.49
385.0,0.0,20154.0,108.0,0.0,0.0,0.0,0.0,401.0,374.0,0.0,5.0,1.0,4.0,0.0,32.51
386.0,0.0,20149.0,110.0,0.0,0.0,0.0,0.0,374.0,379.0,0.0,6.0,1.0,3.0,0.0,32.5
387.0,0.0,20190.0,112.0,0.0,0.0,0.0,0.0,393.0,352.0,0.0,8.0,1.0,5.0,0.0,32.54
388.0,0.0,20220.0,117.0,0.0,0.0,0.0,0.0,409.0,379.0,0.0,7.0,1.0,1.0,0.0,32.52
389.0,0.0,20273.0,115.0,0.0,0.0,0.0,0.0,411.0,358.0,0.0,1.0,0.0,3.0,0.0,32.52
390.0,0.0,20266.0,116.0,0.0,0.0,0.0,0.0,364.0,371.0,0.0,7.0,3.0,3.0,0.0,32.53
391.0,0.0,20275.0,110.0,0.0,0.0,0.0,0.0,411.0,402.0,0.0,4.0,2.0,8.0,0.0,32.53
392.0,0.0,20273.0,108.0,0.0,0.0,0.0,0.0,374.0,376.0,0.0,2.0,0.0,4.0,0.0,32.53
393.0,0.0,20283.0,108.0,0.0,0.0,0.0,0.0,400.0,390.0,0.0,4.0,0.0,4.0,0.0,32.55
394.0,0.0,20312.0,105.0,0.0,0.0,0.0,0.0,386.0,357.0,0.0,2.0,0.0,5.0,0.0,32.52
395.0,0.0,20303.0,106.0,0.0,0.0,0.0,0.0,368.0,377.0,0.0,6.0,1.0,4.0,0.0,32.54
396.0,0.0,20323.0,102.0,0.0,0.0,0.0,0.0,368.0,348.0,0.0,3.0,2.0,5.0,0.0,32.5
397.0,0.0,20319.0,102.0,0.0,0.0,0.0,0.0,344.0,348.0,0.0,3.0,1.0,2.0,0.0,32.48
398.0,0.0,20293.0,102.0,0.0,0.0,0.0,0.0,352.0,378.0,0.0,4.0,1.0,3.0,0.0,32.54
399.0,0.0,20244.0,103.0,0.0,0.0,0.0,0.0,321.0,370.0,0.0,5.0,1.0,3.0,0.0,32.53
400.0,0.0,20187.0,100.0,0.0,0.0,0.0,0.0,345.0,402.0,0.0,2.0,4.0,1.0,0.0,32.52
401.0,0.0,20148.0,98.0,0.0,0.0,0.0,0.0,323.0,362.0,0.0,4.0,2.0,4.0,0.0,32.57
402.0,0.0,20114.0,97.0,0.0,0.0,0.0,0.0,329.0,363.0,0.0,5.0,3.0,3.0,0.0,32.61
403.0,0.0,20074.0,94.0,0.0,0.0,0.0,0.0,343.0,383.0,0.0,3.0,1.0,5.0,0.0,32.6
404.0,0.0,20073.0,96.0,0.0,0.0,0.0,0.0,348.0,349.0,0.0,6.0,0.0,4.0,0.0,32.56
405.0,0.0,20073.0,95.0,0.0,0.0,0.0,0.0,354.0,354.0,0.0,2.0,1.0,2.0,0.0,32.56
406.0,0.0,20051.0,95.0,0.0,0.0,0.0,0.0,371.0,393.0,0.0,4.0,2.0,2.0,0.0,32.55
407.0,0.0,20102.0,93.0,0.0,0.0,0.0,0.0,415.0,364.0,0.0,4.0,4.0,2.0,0.0,32.57
408.0,0.0,20131.0,94.0,0.0,0.0,0.0,0.0,404.0,375.0,0.0,4.0,0.0,3.0,0.0,32.58
409.0,0.0,20187.0,89.0,0.0,0.0,0.0,0.0,422.0,366.0,0.0,1.0,1.0,5.0,0.0,32.58
410.0,0.0,20207.0,90.0,0.0,0.0,0.0,0.0,379.0,359.0,0.0,4.0,0.0,3.0,0.0,32.6
411.0,0.0,20267.0,93.0,0.0,0.0,0.0,0.0,396.0,336.0,0.0,6.0,0.0,3.0,0.0,32.54
412.0,0.0,20320.0,94.0,0.0,0.0,0.0,0.0,379.0,326.0,0.0,5.0,1.0,3.0,0.0,32.51
413.0,0.0,20337.0,93.0,0.0,0.0,0.0,0.0,381.0,364.0,0.0,5.0,4.0,2.0,0.0,32.53
414.0,0.0,20298.0,95.0,0.0,0.0,0.0,0.0,334.0,373.0,0.0,5.0,1.0,2.0,0.0,32.5
415.0,0.0,20340.0,96.0,0.0,0.0,0.0,0.0,418.0,376.0,0.0,3.0,0.0,2.0,0.0,32.53
416.0,0.0,20349.0,95.0,0.0,0.0,0.0,0.0,380.0,371.0,0.0,3.0,3.0,1.0,0.0,32.51
417.0,0.0,20306.0,92.0,0.0,0.0,0.0,0.0,341.0,384.0,0.0,2.0,1.0,4.0,0.0,32.57
418.0,0.0,20285.0,90.0,0.0,0.0,0.0,0.0,325.0,346.0,0.0,4.0,1.0,5.0,0.0,32.55
419.0,0.0,20298.0,87.0,0.0,0.0,0.0,0.0,368.0,355.0,0.0,2.0,3.0,2.0,0.0,32.59
420.0,0.0,20258.0,85.0,0.0,0.0,0.0,0.0,358.0,398.0,0.0,3.0,2.0,3.0,0.0,32.55
421.0,0.0,20203.0,85.0,0.0,0.0,0.0,0.0,308.0,363.0,0.0,3.0,0.0,3.0,0.0,32.5
422.0,0.0,20170.0,88.0,0.0,0.0,0.0,0.0,338.0,371.0,0.0,6.0,0.0,3.0,0.0,32.53
423.0,0.0,20177.0,89.0,0.0,0.0,0.0,0.0,371.0,364.0,0.0,4.0,0.0,3.0,0.0,32.54
424.0,0.0,20136.0,89.0,0.0,0.0,0.0,0.0,356.0,397.0,0.0,2.0,0.0,2.0,0.0,32.54
425.0,0.0,20086.0,89.0,0.0,0.0,0.0,0.0,335.0,385.0,0.0,4.0,1.0,3.0,0.0,32.52
426.0,0.0,20098.0,89.0,0.0,0.0,0.0,0.0,373.0,361.0,0.0,2.0,0.0,2.0,0.0,32.51
427.0,0.0,20113.0,86.0,0.0,0.0,0.0,0.0,383.0,368.0,0.0,3.0,3.0,3.0,0.0,32.52
428.0,0.0,20173.0,85.0,0.0,0.0,0.0,0.0,417.0,357.0,0.0,2.0,1.0,2.0,0.0,32.5
429.0,0.0,20231.0,83.0,0.0,0.0,0.0,0.0,411.0,353.0,0.0,3.0,2.0,3.0,0.0,32.51
430.0,0.0,20262.0,84.0,0.0,0.0,0.0,0.0,410.0,379.0,0.0,4.0,1.0,2.0,0.0,32.52
431.0,0.0,20270.0,85.0,0.0,0.0,0.0,0.0,391.0,383.0,0.0,4.0,0.0,3.0,0.0,32.52
432.0,0.0,20256.0,87.0,0.0,0.0,0.0,0.0,347.0,361.0,0.0,5.0,0.0,3.0,0.0,32.51
433.0,0.0,20268.0,85.0,0.0,0.0,0.0,0.0,378.0,366.0,0.0,2.0,1.0,3.0,0.0,32.51
434.0,0.0,20290.0,83.0,0.0,0.0,0.0,0.0,385.0,363.0,0.0,4.0,1.0,5.0,0.0,32.53
435.0,0.0,20244.0,82.0,0.0,0.0,0.0,0.0,366.0,412.0,0.0,2.0,1.0,2.0,0.0,32.55
436.0,0.0,20245.0,84.0,0.0,0.0,0.0,0.0,369.0,368.0,0.0,3.0,0.0,1.0,0.0,32.53
437.0,0.0,20289.0,82.0,0.0,0.0,0.0,0.0,369.0,325.0,0.0,3.0,1.0,4.0,0.0,32.49
438.0,0.0,20288.0,80.0,0.0,0.0,0.0,0.0,363.0,364.0,0.0,3.0,1.0,4.0,0.0,32.45
439.0,0.0,20229.0,82.0,0.0,0.0,0.0,0.0,331.0,390.0,0.0,6.0,0.0,4.0,0.0,32.5
440.0,0.0,20209.0,84.0,0.0,0.0,0.0,0.0,326.0,346.0,0.0,4.0,0.0,2.0,0.0,32.51
441.0,0.0,20159.0,80.0,0.0,0.0,0.0,0.0,308.0,358.0,0.0,3.0,2.0,5.0,0.0,32.55
442.0,0.0,20120.0,79.0,0.0,0.0,0.0,0.0,334.0,373.0,0.0,2.0,0.0,3.0,0.0,32.51
443.0,0.0,20167.0,81.0,0.0,0.0,0.0,0.0,401.0,354.0,0.0,2.0,0.0,0.0,0.0,32.52
444.0,0.0,20132.0,82.0,0.0,0.0,0.0,0.0,344.0,379.0,0.0,3.0,0.0,2.0,0.0,32.52
445.0,0.0,20150.0,83.0,0.0,0.0,0.0,0.0,365.0,347.0,0.0,4.0,0.0,3.0,0.0,32.53
446.0,0.0,20128.0,84.0,0.0,0.0,0.0,0.0,353.0,375.0,0.0,3.0,0.0,2.0,0.0,32.51
447.0,0.0,20160.0,82.0,0.0,0.0,0.0,0.0,375.0,343.0,0.0,3.0,1.0,4.0,0.0,32.53
448.0,0.0,20179.0,84.0,0.0,0.0,0.0,0.0,374.0,355.0,0.0,3.0,0.0,1.0,0.0,32.52
449.0,0.0,20251.0,80.0,0.0,0.0,0.0,0.0,428.0,356.0,0.0,2.0,1.0,5.0,0.0,32.56
450.0,0.0,20251.0,77.0,0.0,0.0,0.0,0.0,393.0,393.0,0.0,1.0,1.0,3.0,0.0,32.58
451.0,0.0,20304.0,76.0,0.0,0.0,0.0,0.0,410.0,357.0,0.0,3.0,1.0,3.0,0.0,32.58
452.0,0.0,20271.0,75.0,0.0,0.0,0.0,0.0,347.0,380.0,0.0,2.0,1.0,2.0,0.0,32.57
453.0,0.0,20246.0,76.0,0.0,0.0,0.0,0.0,381.0,406.0,0.0,4.0,1.0,2.0,0.0,32.59
454.0,0.0,20232.0,75.0,0.0,0.0,0.0,0.0,385.0,399.0,0.0,4.0,1.0,4.0,0.0,32.59
455.0,0.0,20269.0,75.0,0.0,0.0,0.0,0.0,385.0,348.0,0.0,2.0,0.0,2.0,0.0,32.61
456.0,0.0,20241.0,71.0,0.0,0.0,0.0,0.0,337.0,365.0,0.0,0.0,1.0,3.0,0.0,32.6
457.0,0.0,20255.0,70.0,0.0,0.0,0.0,0.0,367.0,353.0,0.0,2.0,0.0,3.0,0.0,32.54
458.0,0.0,20256.0,66.0,0.0,0.0,0.0,0.0,344.0,343.0,0.0,1.0,1.0,4.0,0.0,32.54
459.0,0.0,20247.0,63.0,0.0,0.0,0.0,0.0,354.0,363.0,0.0,0.0,0.0,3.0,0.0,32.5
460.0,0.0,20214.0,65.0,0.0,0.0,0.0,0.0,340.0,373.0,0.0,4.0,0.0,2.0,0.0,32.47
461.0,0.0,20153.0,66.0,0.0,0.0,0.0,0.0,322.0,383.0,0.0,2.0,0.0,1.0,0.0,32.5
462.0,0.0,20112.0,64.0,0.0,0.0,0.0,0.0,341.0,382.0,0.0,1.0,0.0,3.0,0.0,32.48
463.0,0.0,20087.0,65.0,0.0,0.0,0.0,0.0,382.0,407.0,0.0,2.0,0.0,1.0,0.0,32.51
464.0,0.0,20047.0,64.0,0.0,0.0,0.0,0.0,332.0,372.0,0.0,3.0,0.0,4.0,0.0,32.52
465.0,0.0,20022.0,62.0,0.0,0.0,0.0,0.0,320.0,345.0,0.0,2.0,1.0,3.0,0.0,32.5
466.0,0.0,20062.0,61.0,0.0,0.0,0.0,0.0,378.0,338.0,0.0,0.0,0.0,1.0,0.0,32.48
467.0,0.0,20070.0,56.0,0.0,0.0,0.0,0.0,374.0,366.0,0.0,0.0,1.0,4.0,0.0,32.52
468.0,0.0,20104.0,53.0,0.0,0.0,0.0,0.0,417.0,383.0,0.0,1.0,0.0,4.0,0.0,32.51
469.0,0.0,20144.0,55.0,0.0,0.0,0.0,0.0,383.0,343.0,0.0,4.0,0.0,2.0,0.0,32.51
470.0,0.0,20173.0,55.0,0.0,0.0,0.0,0.0,410.0,381.0,0.0,3.0,0.0,3.0,0.0,32.56
471.0,0.0,20174.0,56.0,0.0,0.0,0.0,0.0,363.0,362.0,0.0,3.0,0.0,2.0,0.0,32.56
472.0,0.0,20170.0,54.0,0.0,0.0,0.0,0.0,358.0,362.0,0.0,2.0,0.0,4.0,0.0,32.54
473.0,0.0,20150.0,52.0,0.0,0.0,0.0,0.0,380.0,400.0,0.0,0.0,0.0,2.0,0.0,32.52
474.0,0.0,20160.0,49.0,0.0,0.0,0.0,0.0,377.0,367.0,0.0,1.0,1.0,3.0,0.0,32.48
475.0,0.0,20142.0,48.0,0.0,0.0,0.0,0.0,333.0,351.0,0.0,2.0,0.0,3.0,0.0,32.48
476.0,0.0,20164.0,47.0,0.0,0.0,0.0,0.0,366.0,344.0,0.0,2.0,1.0,2.0,0.0,32.46
477.0,0.0,20144.0,46.0,0.0,0.0,0.0,0.0,369.0,389.0,0.0,0.0,1.0,0.0,0.0,32.51
478.0,0.0,20137.0,47.0,0.0,0.0,0.0,0.0,358.0,365.0,0.0,3.0,0.0,2.0,0.0,32.5
479.0,0.0,20141.0,49.0,0.0,0.0,0.0,0.0,348.0,344.0,0.0,3.0,0.0,1.0,0.0,32.5
480.0,0.0,20133.0,50.0,0.0,0.0,0.0,0.0,349.0,357.0,0.0,5.0,1.0,3.0,0.0,32.49
481.0,0.0,20097.0,49.0,0.0,0.0,0.0,0.0,346.0,382.0,0.0,1.0,1.0,1.0,0.0,32.51
482.0,0.0,20070.0,49.0,0.0,0.0,0.0,0.0,367.0,394.0,0.0,2.0,0.0,2.0,0.0,32.54
483.0,0.0,20127.0,45.0,0.0,0.0,0.0,0.0,404.0,347.0,0.0,1.0,2.0,3.0,0.0,32.56
484.0,0.0,20113.0,45.0,0.0,0.0,0.0,0.0,352.0,366.0,0.0,2.0,1.0,1.0,0.0,32.58
485.0,0.0,20091.0,44.0,0.0,0.0,0.0,0.0,342.0,364.0,0.0,2.0,0.0,3.0,0.0,32.57
486.0,0.0,20054.0,44.0,0.0,0.0,0.0,0.0,337.0,374.0,0.0,3.0,2.0,1.0,0.0,32.57
487.0,0.0,20098.0,43.0,0.0,0.0,0.0,0.0,389.0,345.0,0.0,1.0,0.0,2.0,0.0,32.58
488.0,0.0,20104.0,43.0,0.0,0.0,0.0,0.0,380.0,374.0,0.0,2.0,1.0,1.0,0.0,32.57
489.0,0.0,20126.0,45.0,0.0,0.0,0.0,0.0,413.0,391.0,0.0,4.0,1.0,1.0,0.0,32.63
490.0,0.0,20138.0,47.0,0.0,0.0,0.0,0.0,390.0,378.0,0.0,3.0,0.0,1.0,0.0,32.55
491.0,0.0,20155.0,46.0,0.0,0.0,0.0,0.0,400.0,383.0,0.0,0.0,0.0,1.0,0.0,32.57
492.0,0.0,20143.0,49.0,0.0,0.0,0.0,0.0,359.0,371.0,0.0,4.0,0.0,1.0,0.0,32.52
493.0,0.0,20170.0,49.0,0.0,0.0,0.0,0.0,375.0,348.0,0.0,2.0,1.0,1.0,0.0,32.52
494.0,0.0,20152.0,47.0,0.0,0.0,0.0,0.0,347.0,365.0,0.0,1.0,1.0,2.0,0.0,32.52
495.0,0.0,20129.0,47.0,0.0,0.0,0.0,0.0,346.0,369.0,0.0,2.0,0.0,2.0,0.0,32.52
496.0,0.0,20101.0,46.0,0.0,0.0,0.0,0.0,342.0,370.0,0.0,1.0,1.0,1.0,0.0,32.5
497.0,0.0,20134.0,47.0,0.0,0.0,0.0,0.0,384.0,351.0,0.0,3.0,1.0,1.0,0.0,32.52
498.0,0.0,20157.0,47.0,0.0,0.0,0.0,0.0,372.0,349.0,0.0,2.0,2.0,0.0,0.0,32.53
499.0,0.0,20169.0,50.0,0.0,0.0,0.0,0.0,376.0,364.0,0.0,3.0,0.0,0.0,0.0,32.56
500.0,0.0,20157.0,49.0,0.0,0.0,0.0,0.0,360.0,372.0,0.0,2.0,0.0,3.0,0.0,32.58
